IAB Categories ( Categories with some modifications. We should use them. Names should start with capital letter) ;;Colours;HSL (new subcategories vary +1- Lightness to - 7);Gradient-on read and on hover;Gradient HSL;Corresponding Gizmag Categories;Corresponding TeknikensVarld Categories;All TeknikensVarld Categories;
Arts & Entertainment;;#ff6178;351, 100, 69;#ffc2b8;8, 100, 86;;;Bil och trafik (Car and Traffic);http://teknikensvarld.se/kategori/nyheter/bil-och-trafik/
books & literature;;#f9627f;348, 93, 68;#fbc2bb;251, 194, 187;;;Miljo och teknik (Environmental and Technology);http://teknikensvarld.se/kategori/nyheter/miljo-och-teknik/
celebrity fan/gossip;;#f26184;346, 85, 66;#f6c2be;4, 76, 85;;;Bilbranschen (automotive industry);http://teknikensvarld.se/kategori/nyheter/bilbranschen/
comics and animation;;#ff6e81;352, 100, 72;#f2c3c2;1, 65, 85;;;Konsument (consumer);http://teknikensvarld.se/kategori/nyheter/konsument/
dance;;#ff8e98;355, 100, 78;#edc3c5;357, 54, 85;;;Experterna svarar (the experts respond);http://teknikensvarld.se/kategori/nyheter/experterna-svarar/
humor;;#ff9ba1;356, 100, 80;#e9c3c8;352, 46, 84;;Övrigt (Other);Bilspionen (Car Peony);http://teknikensvarld.se/kategori/nyheter/bilspionen/
movies & tv;;#ff8f91;hsl(359, 100%, 78%);#e4c3cb;345, 38, 83;;;Styling och tuning;http://teknikensvarld.se/kategori/nyheter/styling-tuning/
music;;#fc8383;hsl(0, 95%, 75%);#e0c3ce;337, 32, 82;;;Motorsport;http://teknikensvarld.se/kategori/nyheter/motorsport/
radio;;#f69dae;349, 83, 79;#dbc3d1;325, 25, 81;;;STCC (motorsport > stcc);http://teknikensvarld.se/kategori/nyheter/motorsport/stcc/
shows&events;;#f691ae;343, 85, 77;#d7c4d5;306, 19, 81;;;Aktuellt (current);http://teknikensvarld.se/kategori/nyheter/aktuellt/
theatre;;#dd91ae;337, 53, 72;#d2c4d8;282, 20, 81;;;Kronika;http://teknikensvarld.se/kategori/nyheter/kronika/
visual art&design;;#dd80ae;330, 58, 68;#cec4db;266, 24, 81;;;Övrigt (Other);http://teknikensvarld.se/kategori/nyheter/ovrigt/
Automotive & Vehicles;;#99afc6;211, 28, 69;#bbd6f2;266, 24, 81;;;Test & provkörningar;http://teknikensvarld.se/kategori/test-provkorningar/
auto parts;;#95abbf;209, 25, 67;#bbd6ea;206, 53, 83;;;(Test & provkörningar >) Test;http://teknikensvarld.se/kategori/test-provkorningar/test/
auto repair;;#8da5b5;204, 21, 63;#bbd6e8;204, 49, 82;;styling-tuning;(Test & provkörningar >)Provkörning;http://teknikensvarld.se/kategori/test-provkorningar/provkorning-test-provkorningar/
bicycles & accessories;;#869fad;202, 19, 60;#bbd6e3;200, 42, 81;;;(Test & provkörningar >) Dueller;http://teknikensvarld.se/kategori/test-provkorningar/duell/
boats & watercraft;;#3cb0d9;196, 67, 54;#65d2ef;193, 81, 67;Marine;;(Test & provkörningar >) Begagnattest;http://teknikensvarld.se/kategori/test-provkorningar/begtest/
buying & selling cars;;#87a9b2;193, 22, 61;#bbd6d6;180, 25, 79;;Test & provkörningar;(Test & provkörningar >) Däcktest;http://teknikensvarld.se/kategori/test-provkorningar/dacktest/
campers & rvs;;#8cadb5;192, 22, 63;#bbd6d1;169, 25, 79;;;;
cars;;#8bb1b7;188, 23, 63;#99c6d6;196, 43, 72;Automotive;bil och trafik (Car and Traffic); Bilvårdsguider (Car Care Guides);http://teknikensvarld.se/kategori/guider/bilskotsel/
certified pre-owned;;#8cb6ba;185, 25, 64;#bbd6c5;142, 25, 79;;;(Test & provkörningar >)  Pryltest (stuff Test);http://teknikensvarld.se/kategori/test-provkorningar/pryltest/
commercial vehicles;;#8bbabc;182, 27, 64;#cde5eb;192, 43, 86;;; (Test & provkörningar >) Övriga test (other tests);
electric vehicle;;#8bbcbc;180, 27, 64;#cde5d7;145, 32, 85;;;*In category Nyheter there are all other categories. We are not using Nyheter colour. ;"http://teknikensvarld.se/
"
minivan;;#8fbcba;177, 25, 65;#cde5bd;96, 43, 82;;;* we shall ignore this ! Välj bilmärke;http://teknikensvarld.se/bilmarke/
motor shows;;#90bfbb;175, 27, 66;#c3e5c0;115, 42, 83;;bilspionen (Car Peony);(Test & provkörningar >)  Racingdäcktest;http://teknikensvarld.se/kategori/test-provkorningar/dacktest/racingdacktest/
motorcycles;;#95c4bf;174, 28, 68;#a9e8d8;165, 58, 79;Motocycles;;(Test & provkörningar >)  Sommardäcktest;http://teknikensvarld.se/kategori/test-provkorningar/dacktest/sommardacktest/
off-road vehicles;;#9eccc3;168, 31, 71;#b4e5ca;147, 49, 80;;;(Test & provkörningar >)  Vinterdäcktest;http://teknikensvarld.se/kategori/test-provkorningar/dacktest/vinterdacktest/
road-side assistance;;#a5d3ca;168, 34, 74;#b4e5b3;119, 49, 80;;;*Våra tidningar (Our Magazines. We should discard it);http://teknikensvarld.se/kategori/vara-tidningar/
scooters & mopeds;;#aad6ce;169, 35, 75;#b4e5c5;141, 49, 80;;;Teknikens Värld 2016;http://teknikensvarld.se/kategori/vara-tidningar/teknikens-varld-2016/
trucks & suvs;;#99b0c1;206, 24, 68;#b4dbca;154, 35, 78;;;Klassiska Bilar (Classic Cars);http://teknikensvarld.se/kategori/vara-tidningar/klassiska-bilar-vara-tidningar/
vehicle brands;;#9db5c4;203, 25, 69;#b4dbd4;169, 35, 78;;bilbranschen (automotive industry) & Välj bilmärke (Car Brand);Alla Bilar (We should discard it);http://teknikensvarld.se/kategori/vara-tidningar/alla-bilar/
vehicle rental;;#a3bcc9;201, 26, 71;#b4dbe1;188, 43, 79;;;Stora Begbilboken (I don't know what's that. Discard!);http://teknikensvarld.se/kategori/vara-tidningar/stora-begbilboken/
(aircrafts);;#a3b5c4;207, 22, 70;#c1d1db;203, 27, 81;Aircraft;;Stora Guiden Om (I don't know what's that. Discard!);http://teknikensvarld.se/kategori/vara-tidningar/stora-guiden-om/
(transport);;#68bbc1;184, 42, 58;#d1edd8;135, 44, 87;Transport;;;
(urban transport);;#17b8dd;191, 81, 48;#92eaf4;186, 82, 76;Urban Transport;;;
Business & Industrial;; #9eb9c6;200, 26, 70;#efefef;0, 0, 94;;;;
advertising & marketing;;#9eb3c9;211, 28, 70;#efefef;0, 0, 94;;;;
aerospace & defense;;#a8e4f0;hsl(190, 70%, 80%);#d9f5e4;144, 58, 91;Space;;;
agriculture & forestry;;#9dbea6;136, 20, 68;#efefef;0, 0, 94;;;;
automation;;#9d9fd1;238, 36, 72;#cbcef4;236, 65, 88;Robotics;;;
biomedical;;#9bcabb;161, 31, 70;#efefef;0, 0, 94;;;;
business news;;#9dc5c9;185, 29, 70;#efefef;0, 0, 94;;;;
business operations;;#9fcacc;183, 31, 71;#efefef;0, 0, 94;;;;
business software;;#a1d1d1;180, 34, 73;#efefef;0, 0, 94;;;;
chemicals industry;;#a3d1ce;176, 33, 73;#efefef;0, 0, 94;;;;
company;;#9fd3ce;174, 37, 73;#efefef;0, 0, 94;;;;
energy;;#88d3ca;173, 46, 68;#7ddfef;188, 78, 71;Energy;;;
fashion industry;;#8dd8cd;171, 49, 70;#efefef;0, 0, 94;;;;
food industry;;#8ddbce;170, 52, 71;#efefef;0, 0, 94;;;;
green solutions;;#8ee8ac;140, 66, 73;#efefef;0, 0, 94;;;;
hospitality industry;;#8ee8c5;157, 66, 73;#efefef;0, 0, 94;;;;
iron & steel industry;;#c2d6ce;hsl(157, 20%, 80%);#efefef;0, 0, 94;;;;
logistics;;#abd3d6;184, 34, 75;#efefef;0, 0, 94;;;;
manufacturing;;#a3cacc;183, 29, 72;#efefef;0, 0, 94;;;;
metals;;#8cddd5;174, 54, 71;#efefef;0, 0, 94;;;;
mining industry;;#83cfc7;174, 44, 66;#efefef;0, 0, 94;;;;
paper industry;;#b6e2d7;hsl(165, 44%, 80%);#efefef;0, 0, 94;;;;
pharmaceutical industry;;#afd0df;hsl(199, 43%, 78%);#efefef;0, 0, 94;;;;
publishing;;#b5d0e3;hsl(205, 45%, 80%);#efefef;0, 0, 94;;;;
record company;;#b4cdde;204, 39, 79;#efefef;0, 0, 94;;;;
shipbuilding;;#acc3d4;206, 32, 75;#efefef;0, 0, 94;;;;
tanning;;#a1b7c7;205, 25, 71;#efefef;0, 0, 94;;;;
textile industry;;#99adbd;207, 21, 67;#efefef;0, 0, 94;;;;
war industry;;#8dbbe0;207, 57, 72;#a0e0d8;173, 51, 75;Military;;;
Careers;;#99dbff;hsl(201, 100%, 80%);#efefef;0, 0, 94;;;;
career advice;;#90daf9;198, 90, 77;#efefef;0, 0, 94;;;;
career planning;;#9fdef9;hsl(198, 88%, 80%);#efefef;0, 0, 94;;;;
job fairs;;#92d5e0;188, 56, 73;#efefef;0, 0, 94;;;;
job search;;#8ed5dd;186, 54, 71;#efefef;0, 0, 94;;;;
nursing;;#9edee8;188, 62, 76;#efefef;0, 0, 94;;;;
resume writing &d advice;;#95d9e2;187, 57, 74;#efefef;0, 0, 94;;;;
telecommuting;;#a5e7f3;hsl(189, 76%, 80%);#efefef;0, 0, 94;;;;
u.s. military (public service);;#89e5fa;hsl(191, 92%, 76%);#efefef;0, 0, 94;;;;
Education;;#4dddff;191, 100, 65;#88efed;179, 76, 74;;;;
adult education;;#4ae5ff;189, 100, 65;#88efeb;178, 76, 74;;;;
alumni & reunions;;#45edff;186, 100, 64;#88efe8;176, 76, 74;;;;
art. history;;#40f6ff;183, 100, 63;#88efe6;175, 76, 74;;;;
distance learning;;#3bffff;180, 100, 62;#88efe3;173, 76, 74;;;;
english as a second language (bilingual);;#49f2e6;176, 87, 62;#88efe1;172, 76, 74;;;;
grade school;;#49f2eb;178, 87, 62;#88efdf;171, 76, 74;;;;
graduate school;;#4ef2ff;184, 100, 65;#88efdc;169, 76, 74;;;;
high school;;#49f2f0;179, 87, 62;#88efda;168, 76, 74;;;;
homeschooling;;#49eaed;181, 82, 61;#88efd7;166, 76, 74;;;;
homework & study tips (e-learning);;#48e5e5;180, 75, 59;#88efd5;165, 76, 74;;;;
language learning;;#46dddc;180, 69, 57;#88efd3;164, 76, 74;;;;
school;;#4ad9d8;180, 65, 57;#88efd0;162, 76, 74;;;;
special education;;#45ced2;182, 61, 55;#88efce;161, 76, 74;;;;
studying business;;#37cccc;180, 59, 51;#88efcb;159, 76, 74; ;;;
teaching & classroom resources ;;#37c2cc;184, 59, 51;#88efc9;158, 76, 74;;;;
Family & Parenting;;#b594c4;281, 29, 67;#efefef;0, 0, 94;;;;
adoption;;#b395c4;278, 28, 68;#efefef;0, 0, 94;;;;
babies & toddlers;;#b397c6;276, 29, 68;#efefef;0, 0, 94;;;;
children;;#b69acc;274, 33, 70;#ffaf9c;12, 100, 81;Children;;;
eldercare;;#ba9fcc;276, 31, 71;#efefef;0, 0, 94;;;;
motherhood;;#bea6d1;273, 32, 74;#efefef;0, 0, 94;;;;
parenting teens;;#c9b0d7;278, 33, 77;#efefef;0, 0, 94;;;;
special needs kids;;#cfb9dd;277, 35, 80;#efefef;0, 0, 94;;;;
Finance;;#c6b9c6;300, 10, 75;#efefef;0, 0, 94;;;;
accounting & auditing;;#c5b6c4;304, 11, 74;#efefef;0, 0, 94;;;;
bank;;#c4b1bf;316, 14, 73;#efefef;0, 0, 94;;;;
financial news;;#c2aab7;328, 16, 71;#efefef;0, 0, 94;;;;
grants, scholarships & financial aid;;#c0a5b2;331, 18, 70;#efefef;0, 0, 94;;;;
investing;;#be9dab;335, 20, 68;#efefef;0, 0, 94;;;;
personal finance;;#be96ab;329, 24, 67;#efefef;0, 0, 94;;;;
Food & Drink;;#c0ff99;hsl(97, 100%, 80%);#efefef;0, 0, 94;;;;
barbecues & grilling;;#9EFABB;139, 90, 80;#efefef;0, 0, 94;;;;
beverages;;#cbff8f;hsl(88, 100%, 78%);#efefef;0, 0, 94;;;;
cuisines;;#E7F76E;67, 90, 70;#efefef;0, 0, 94;;;;
desserts & baking;;#d8eb7a;hsl(70, 74%, 70%);#efefef;0, 0, 94;;;;
dining out;;#abfd96;hsl(108, 96%, 79%);#efefef;0, 0, 94;;;;
food;;#d0fc7d;hsl(81, 96%, 74%);#efefef;0, 0, 94;;;;
food allergies;;#c5fe97;93, 98, 79;#efefef;0, 0, 94;;;;
food & grocery retailers;;#9dfd90;hsl(113, 97%, 78%);#efefef;0, 0, 94;;;;
gastronomy;;#93f881;hsl(111, 90%, 74%);#efefef;0, 0, 94;;;;
health & low-fat cooking;;#9efa85;hsl(107, 92%, 75%);#efefef;0, 0, 94;;;;
healthy eating;;#a2fc9c;hsl(116, 95%, 80%);#efefef;0, 0, 94;;;;
kosher food;;#a6fd9b;hsl(113, 96%, 80%);#efefef;0, 0, 94;;;;
vegan;;#a1fc94;113, 95, 78;#efefef;0, 0, 94;;;;
vegetarian;;#99fc8b;113, 95, 77;#efefef;0, 0, 94;;;;
Health & Fitness;;#6aef9f;144, 81, 68;#8ef4be;148, 82, 76;Health & Wellbeing;;;
addiction;;#69ee9e;144, 80, 67;#efefef;0, 0, 94;;;;
aging;;#68eb9d;144, 77, 66;#efefef;0, 0, 94;;;;
alternative medicine;;#67e99c;144, 75, 66;#efefef;0, 0, 94;;;;
dental care;;#65e49a;145, 70, 65;#efefef;0, 0, 94;;;;
disease;;#63e098;145, 67, 63;#efefef;0, 0, 94;;;;
disorders;;#62de97;146, 65, 63;#efefef;0, 0, 94;;;;
drugs;;#61da95;146, 62, 62;#efefef;0, 0, 94;;;;
outdoors & exercise;;#60d894;146, 61, 61;#c0ffb3;110, 100, 85;Outdoors;;;
incest & abuse support;;#5ed492;146, 58, 60;#efefef;0, 0, 94;;;;
men's health;;#5dd291;147, 57, 59;#efefef;0, 0, 94;;;;
nutrition;;#5bce8f;147, 54, 58;#efefef;0, 0, 94;;;;
sexuality;;#2bd97a;147, 70, 51;#efefef;0, 0, 94;;;;
sports medicine;;#58c78c;148, 50, 56;#efefef;0, 0, 94;;;;
therapy;;#57c48a;148, 48, 55;#efefef;0, 0, 94;;;;
weight loss;;#56c289;148, 47, 55;#efefef;0, 0, 94;;;;
women's health;;#52b985;150, 42, 52;#efefef;0, 0, 94;;;;
 Hobbies & Interests;;#f77c3e;20, 92, 61;#efefef;0, 0, 94;;;;
art & technology;;#f76f41;15, 92, 61;#efefef;0, 0, 94;;;;
arts & crafts;;#f88145;20, 93, 62;#efefef;0, 0, 94;;;;
astrology;;#f8854c;20, 92, 64;#efefef;0, 0, 94;;;;
birdwatching;;#f98a53;20, 93, 65;#efefef;0, 0, 94;;;;
cigars;;#f98e5a;20, 93, 66;#efefef;0, 0, 94;;;;
collecting;;#f9915d;20, 93, 67;#ffdb76;44, 100, 73;Collectibles;;;
games;;#fa9361;20, 94, 68;#efefef;0, 0, 94;;;;
getting published (self-publishing?);;#fa9868;20, 94, 69;#efefef;0, 0, 94;;;;
guitar (playing instruments);;#fb9c6f;19, 95, 71;#efefef;0, 0, 94;;;;
home recording;;#fba175;20, 94, 72;#efefef;0, 0, 94;;;;
inventors & patents;;#ffd974;44, 100, 73;#efefef;0, 0, 94;Inventors & Remarkable People;;;
magic & illusion;;#fcaa83;19, 95, 75;#efefef;0, 0, 94;;;;
needlework;;#fdaf8a;19, 97, 77;#efefef;0, 0, 94;;;;
paranormal phenomena;;#fdb391;19, 96, 78;#efefef;0, 0, 94;;;;
reading;;#feb898;19, 98, 80;#efefef;0, 0, 94;;;;
scrapbooking;;#ffb18a;hsl(20, 100%, 77%);#efefef;0, 0, 94;;;;
Home & Garden;;#b1f977;93, 92, 72;#efefef;0, 0, 94;;;;
appliances;;#a3f880;103, 90, 74;#efefef;0, 0, 94;;;;
bed & bath;;#96f688;112, 86, 75;#efefef;0, 0, 94;;;;
environmental safety;;#89f591;124, 84, 75;#8fefc4;153, 75, 75;;;;
gardening & landscaping;;#7bf499;135, 85, 72;#efefef;0, 0, 94;;;;
home furnishings;;#6df3a2;144, 85, 69;#efefef;0, 0, 94;;;;
home improvement & repair;;#60f2aa;150, 85, 66;#d5f48c;78, 83, 75;Around The Home;;;
interior decorating (interior design);;#52f0b3;157, 84, 63;#efefef;0, 0, 94;;;;
laundry;;#45efbb;162, 84, 60;#efefef;0, 0, 94;;;;
luxury homes;;#37eab9;164, 81, 57;#efefef;0, 0, 94;;;;
nursery & playroom;;#29e5b8;166, 78, 53;#efefef;0, 0, 94;;;;
pest control;;#1ce1b6;167, 78, 50;#efefef;0, 0, 94;;;;
remodeling & construction;;#00d7b3;170, 100, 42;#efefef;0, 0, 94;;;;
Law, Gov't & Politics;;#ff5b57;1, 100, 67;#fc9494;0, 95, 78;;;;
armed forces;;#fa5c59;1, 94, 66;#f79696;0, 86, 78;;;;
commentary;;#f55e5b;1, 89, 66;#f29999;0, 77, 77;;;;
espionage & intelligence;;#f05f5c;1, 83, 65;#ed9b9b;0, 69, 77;;;;
government;;#eb605e;1, 78, 65;#e89e9e;0, 62, 76;;;;
immigration;;#e76260;1, 74, 64;#e2a0a0;0, 53, 76;;;;
law enforcement;;#dd6463;0, 64, 63;#dda2a2;0, 46, 75;;;;
legal issues;;#d86665;1, 60, 62;#d8a5a5;0, 40, 75;;;;
politics;;#d36767;0, 55, 62;#d3a7a7;0, 33, 74;;;;
News;;#76c8e5;196, 68, 68;#abf1fc;188, 93, 83;;aktuellt (current) & Kronika;;
international news;;#65bbd7;195, 59, 62;#a5e9f4;188, 78, 80;;;;
national news;;#55afca;194, 52, 56;#a0e1eb;188, 65, 77;;;;
local news;;#44a2bc;193, 47, 50;#9ad9e3;188, 57, 75;;;;
Pets;;#ef9ea6;354, 72, 78;#ffc4b0;15, 100, 85;Pets;;;
animal welfare;;#f092a5;348, 76, 76;#ffc0ae;13, 100, 84;;;;
aquariums;;#f08ca5;345, 77, 75;#ffbcac;12, 100, 84;;;;
birds;;#f186a4;343, 79, 74;#ffb7ab;9, 100, 84;;;;
cats;;#f17fa4;341, 80, 72;#ffb3a9;7, 100, 83;;;;
dogs;;#f179a4;339, 81, 71;#ffafa7;5, 100, 83;;;;
large animals;;#f273a3;337, 83, 70;#ffaba5;4, 100, 82;;;;
reptiles;;#f26da3;336, 84, 69;#ffa6a4;1, 100, 82;;;;
zoo;;#d85e78;347, 61, 61;#ffa2a2;0, 100, 82;;;;
Real Estate;;#bddbdb;hsl(180, 30%, 80%);#efefef;;;;;
apartments;;#accfd2;hsl(185, 30%, 75%);#efefef;;;;;
architects;;#abd4d0;hsl(175, 32%, 75%);#d3d6e2;228, 21, 86;Architecture;;;
buying & selling homes;;#acc1d2;hsl(207, 30%, 75%);#efefef;;;;;
low income housing;;#b0c4d9;hsl(210, 35%, 77%);#c7e2de;171, 32, 83;Tiny Houses;;;
Religion & Spirituality;;#acd1dc;hsl(194, 41%, 77%);#efefef;;;;;
alternative ;;#c99c9c;hsl(0, 30%, 70%);#d0f1f4;185, 62, 89;Good Thinking;;;
atheism & agnosticism;;#acd2d2;hsl(180, 30%, 75%);#caedf0;185, 56, 87;;;;
buddhism;;#c9b39c;hsl(30, 30%, 70%);#c4e9ed;186, 53, 85;;;;
christianity;;#c9c39c;hsl(51, 30%, 70%);#b9e2e5;184, 46, 81;;;;
hinduism;;#c9cd98;hsl(65, 35%, 70%);#b3dee2;185, 45, 79;;;;
islam;;#d6ceb3;hsl(47, 30%, 77%);#addade;185, 43, 77;;;;
judaism;;#d2d0ac;hsl(57, 30%, 75%);#ade7e8;181, 56, 79;;;;
Science;;#89e3f5;hsl(190, 85%, 75%);#d9efdf;136, 41, 89;Science;;;
biology;;#8ef4be;148, 82, 76;#b5f4be;129, 74, 83;Biology;;;
chemistry;;#4bffcf;164, 100, 65;#efefef;; ;;;
computer science;;#aeeae0;hsl(170, 59%, 80%);#d0f1f4;185, 62, 89;Quantum Computing;;;
ecology;;#89e57c;113, 67, 69;#89e5d9;172, 64, 72;Environment;miljo-och-teknik (Environmental and Technology);;
engineering;;#8bd4cf;176, 46, 69;#a9e2ec;189, 64, 79;Materials;;;
geography;;#89c77c;110, 40, 63;#efefef;;;;;
geology;;#cadf6a;71, 65, 65;#efefef;;;;;
mathematics;;#9de5f5;191, 81, 79;#efefef;;;;;
medicine;;#9de8a5;126, 62, 76;#c1f79e;96, 85, 79;Medical;;;
phyiscs;;#aaeec9;hsl(147, 66%, 80%);#d7f4d8;122, 57, 90;Physics;;;
social science;;#d4eb8d;75, 70, 74;#efefef;;;;;
weather;;#2ea8d8;197, 69, 51;#efefef;;;;;
Shopping;;#fde3a7;hsl(40, 95%, 77%);#efefef;;;;;
auctions;;#fede98;41, 98, 80;#efefef;;;;;
classifieds;;#fed888;41, 98, 76;#efefef;;;;;
gifts;;#ffd379;40, 100, 74;#efefef;;;;;
resources;;#ffcd69;40, 100, 71;#efefef;;;;;
retails;;#ffc169;35, 100, 71;#efefef;;;;;
kids;;#ffb069;28, 100, 71;#efefef;;;;;
Society;;#94caff;210, 100, 79;#efefef;;;;;
crime;;#8ec6fc;209, 95, 77;#efefef;;;;;
dating;;#88c1f8;209, 89, 75;#efefef;;;;;
gay life (LGBTQ);;#dea3f5;hsl(283, 80%, 80%);#efefef;;;;;
racism;;#7cb9f2;209, 82, 72;#efefef;;;;;
senior living;;#5bc7f2;197, 85, 65;#efefef;;;;;
sex;;#a1aff7;hsl(230, 85%, 80%);#efefef;;;;;
social institution;;#76b5ef;209, 79, 70;#efefef;;;;;
teens;;#5bb5ef;204, 82, 65;#efefef;;;;;
unrest and war;;#5fa4b5;192, 37, 54;#efefef;;;;;
welfare;;#599fde;208, 67, 61;#efefef;;;;;
work;;#539bdb;208, 65, 59;#efefef;;;;;
Sports;;#98dd8c;111, 54, 71;#e6ffa1;76, 98, 81;Sports;;;
archery;;#98dd8a;110, 55, 70;#e5fea1;76, 98, 81;;;;
auto racing;;#98dc88;109, 55, 70;#E3FE9A;76, 98, 80;;motorsport;;
badminton;;#98dc87;108, 55, 70;#E1FD9B;77, 97, 80;;;;
baseball;;#98dc85;107, 55, 69;#e4fda0;76, 96, 81;;;;
basketball;;#98dc83;106, 56, 69;#e3fda0;77, 96, 81;;;;
bicycling;;#98db81;105, 56, 68;#e2fca0;77, 94, 81;Bicycles;;;
billiards;;#98db7f;104, 56, 68;#e2fc9f;77, 94, 80;;;;
boat racing;;#99db7d;102, 57, 67;#DFFC97;77, 94 ,79;;;;
bobsled;;#99da7c;101, 56, 67;#e1fb9f;77, 92, 80;;;;
bodybuilding;;#99da7a;101, 56, 67;#e0fb9f;78, 92, 80;;;;
bowling;;#99da78;100, 57, 66;#E0FBA2;78, 92, 81;;;;
boxing;;#99da76;99, 57, 66;#dffa9e;78, 90, 80;;;;
canoeing & kayaking;;#99d974;98, 57, 65;#def99e;78, 88, 80;;;;
cheerleading;;#99d973;98, 57, 65;#ddf89d;78, 87, 79;;;;
climbing;;#99d971;97, 58, 65;#DAF896;78, 87, 78;;;;
cricket;;#99d96f;96, 58, 64;#dbf79d;79, 85, 79;;;;
curling;;#99d86d;95, 58, 64;#DAF69C;79, 84, 79;;;;
diving;;#99d86b;95, 58, 63;#daf69c;79, 83, 79;;;;
dog sled;;#99d869;94, 59, 63;#D8F598;79, 83, 78;;;;
fencing;;#99d768;94, 58, 63;#d8f59c;80, 82, 79;;;;
fishing;;#99d766;93, 59, 62;#d7f49b;80, 80, 78;;;;
football;;#99d764;92, 59, 62;#d6f49b;80, 80, 78;;;;
go kart;;#9ad762;91, 59, 61;#d6f39b;80, 79, 78;;;;
golf;;#9ad660;91, 59, 61;#D5F39B;80, 78, 78;;;;
gymnastics;;#9ad65f;90, 59, 61;#d4f29a;80, 77, 78;;;;
handball;;#9ad65d;90, 60, 60;#d4f299;80, 77, 77;;;;
hockey;;#9ad55b;89, 59, 60;#d4f298;80, 78, 77;;;;
horse racing;;#9ad559;89, 60, 59;#D2F292;80, 78, 76;;;;
horses;;#9ad557;88, 60, 59;#d3f296;80, 78, 77;;;;
hunting & shooting;;#9ad555;88, 60, 58;#d3f295;80, 78, 77;;;;
martial arts;;#9ad454;87, 60, 58;#d3f294;80, 78, 76;;;;
motorcycling;;#9ad452;87, 60, 58;##D1F18E;80, 79, 75;;;;
olympics;;#9ad450;86, 61, 57;#d2f291;80, 79, 76;;;;
paintball;;#9ad44e;86, 61, 57;#D0F28D;80, 79, 75;;;;
parachuting;;#9ad34c;85, 61, 56;#d2f18f;79, 78, 75;;;;
polo;;#9ad34a;85, 61, 56;#D1F08E;79, 77, 75;;;;
rodeo;;#9ad349;85, 61, 56;#d1f18d;79, 78, 75;;;;
rowing;;#9ad247;84, 61, 55;#D0F089;79, 78, 74;;;;
rugby;;#9bd245;83, 61, 55;#CFF08A;79, 77, 74;;;;
running & jogging;;#9bd243;83, 61, 54;#d0f18a;79, 79, 74;;;;
sailing;;#9bd241;83, 62, 54;#D2F288;78, 80, 74;;;;
scuba diving;;#9bd140;82, 61, 54;#d0f188;79, 79, 74;;;;
skateboarding;;#9bd13e;82, 62, 53;#d0f187;79, 79, 74;;;;
skating;;#9bd13c;82, 62, 53;#cff185;79, 79, 73;;;;
skiing;;#9bd03a;81, 61, 52;#cff184;79, 80, 73;;;;
snowboarding;;#9bd038;81, 62, 52;#CDF17E;79, 80, 72;;;;
soccer;;#9bd036;81, 62, 51;#cff182;79, 80, 73;;;;
softball;;#9bd035;81, 62, 51;#CDF17E;79, 80, 72;;;;
sports news;;#9bcf33;80, 62, 51;#CCF07F;79, 79, 72;;;;
surfing & bodyboarding;;#30CF65;140, 62, 50;#cef17f;78, 80, 72;;;;
swimming;;#2FD085;152, 63, 50;#CEF07F;78, 79, 72;;;;
table tennis & ping-pong;;#9bcf2d;79, 64, 49;#cdf17d;79, 81, 72;;;;
tennis;;#9bce2c;79, 65, 49;#cdf07c;78, 79, 71;;;;
trekking;;#9cce2a;78, 66, 49;#cdf07b;78, 80, 71;;;;
volleyball;;#9cce28;78, 67, 48;#CBF075;78, 80, 70;;;;
wakeboarding;;#9ccd26;78, 69, 48;#ccf078;78, 80, 71;;;;
walking;;#9ccd24;77, 70, 47;#ccf076;78, 80, 70;;;;
water polo;;#9ccd22;77, 72, 47;#ccf075;78, 80, 70;;;;
weightlifting;;#9ccd21;77, 72, 47;#cbf074;78, 81, 70;;;;
windsurfing;;#9ccc1f;77, 74, 46;#cbf073;78, 81, 70;;;;
wrestling;;#1DCD1D;76, 75, 46;#cbf072;78, 81, 69;;;;
Style & Fashion;;#f9b567;32, 92, 69;#f9e8c0;42, 83, 86;Lifestyle;;;
accessories;;#f9b262;32, 93, 68;#f9e6bb;;;;;
beauty;;#f9ae5d;31, 93, 67;#f9e4b6;;;;;
body art;;#f9ab58;31, 93, 66;#f9e2b1;;;;;
clothing;;#f9a853;31, 93, 65;#f9e0ac;;;;;
fashion designers;;#f9a54e;31, 93, 64;#f9dea7;;;;;
 ;;#f9a249;30, 94, 63;#f9dba3;;;;;
jewelry;;#f99e43;30, 94, 62;#f9d99e;;;;;
luxury goods;;#f99b3e;30, 94, 61;#f9d799;;;;;
women's fashion;;#f98e5d;hsl(19, 93%, 67%);#fdd7a4;;;;;
men 's fashion;;#f99839;30, 94, 60;#f9d594;;;;;
swimwear;;#f99534;30, 94, 59;#f9d38f;;;;;
underwear;;#f98e2a;29, 95, 57;#f9d18a;;;;;
Technology & Computing;;#3fc7fc;197, 97, 62;#efefef;;;;;
computer certification;;#24bffc;197, 97, 56;#efefef;;;;;
computer crime;;#1b8caf;194, 73, 40;#efefef;;;;;
computer reviews;;#99c5ff;hsl(214, 100%, 80%);#efefef;;;;;
computer security;;#9ec0fa;hsl(218, 90%, 80%);#efefef;;;;;
consumer electronics;;#3dcdf9;194, 94, 61;#8ef4ff;186, 100, 78;Electronics;;;
;(wearable & internet of things);#a87bb2;289, 26, 59;#dd9dbf;328, 48, 74;Wearable;;;
;(mobile technology);#91b4dc;212, 52, 72;#abd5ff;210, 100, 84;Mobile Technology;;;
;(digital cameras);#95e0f9;195, 89, 78;#31cdf7;193, 93, 58;Digital Cameras;;;
;(games);#7ed6f0;194, 79, 72;#8bf7ef;176, 87, 76;Games;;;
;(virtual reality);#95add9;219, 47, 72;#c0bbea;246, 53, 83;Virtual Reality;;;
;(smartwatches);#a099cd;248, 34, 70;#ca9acc;298, 33, 70;Smartwatches;;;
;(telecomunications);#a88bc5;270, 33, 66;#c5a1c6;298, 25, 70;Telecomunications;;;
;(home entertainment);#86c8e8;200, 68, 72;#a2ecf4;186, 79, 80;Home Entertainment;;;
data centers;;#99EBFF;192, 100, 80;#efefef;;;;;
electronic components;;#7cc6e0;196, 62, 68;#efefef;;;;;
enterprise technology;;#92d3ef;198, 74, 75;#efefef;;;;;
hardware;;#92d3e0;190, 56, 73;#efefef;;;;;
;(3d printing);#90d9f3;hsl(196, 81%, 76%);#b0ecf6;189, 80, 83;3D Printing;;;
;(computers);#a9e3ef;hsl(190, 69%, 80%);#94e2f7;193, 86, 77;Computers;;;
;(laptops);#89c2e4;202, 63, 72;#ace0f9;199, 87, 83;Laptops;;;
internet technology;;#73e5ff;191, 100, 73;#b5f7ec;170, 80, 84;;;;
mp3 and midi (music & sound);;#99a6d5;227, 42, 72;#bbcdff;224, 100, 87;Music;;;
networking;;#62d8f4;192, 87, 67;#efefef;;;;;
operating systems;;#9ad9e4;hsl(189, 58%, 75%);#efefef;;;;;
programming languages;;#a9b8ef;hsl(227, 69%, 80%);#efefef;;;;;
software;;#ccbddd;268, 32, 80;#efefef;;;;;
tech news;;#bcb3d9;254, 33, 78;#efefef;;;;;
technical support;;#ada9d5;245, 34, 75;#c7c4e2;246, 34, 83;;(experterna svarar) the experts respond;;
technological innovation;;#9d9fd1;238, 36, 72;#b6b8dc;237, 35, 79;Robotics;;;
(drones);;#89e0f7;193, 87, 75;#1eccf4;191, 91, 54;Drones;;;
Travel;;#f4d437;50, 90, 59;#fce0f1;324, 82, 93;;;;
budget travel;;#f5d333;49, 91, 58;#fcdeeb;334, 83, 93;;;;
business travel;;#f6d12f;49, 92, 57;#fddce6;342, 89, 93;;;;
honeymoons & getaways;;#f7d02a;49, 93, 57;#fddbe0;351, 89, 93;;;;
hotels;;#f7ce26;48, 93, 56;#fdd9db;357, 90, 92;;;;
specialty travel;;#f8cd22;48, 94, 55;#fdd7d5;3, 91, 91;;;;
tourist destinations;;#ffd788;40, 100, 77;#f9b78a;24, 90, 76;Holiday Destinations;;;
tourist facilities;;#faca19;47, 96, 54;#fed4ca;12, 96, 89;;;;
transports (voyaging);;#fbc915;47, 97, 53;#fed2c4;14, 97, 88;;;;
travel agencies;;#fcc811;47, 98, 53;#fed0bf;16, 97, 87;;;;
travel guides;;#fcc60d;46, 98, 52;#fecfb9;19, 97, 86;;;;
traveling with kids;;#fec304;46, 99, 51;#ffcdb4;20, 100, 85;;;;
vacation rentals;;#ffc200;46, 100, 50;#ffcbae;23, 100, 83;;;;
;;;;;;;;;
;;;;;;;;;
System Colour;The colour is used for search results, tags, updates.; #13a4e6;;;;;;;
Headlines Colour;Used for headlines and excerpts;#032f47;;;;;;;
